cbsacode,city_name,city_rank,distance_binned,barrier_score,count_real_normalized
17460,Cleveland,0,500,1.1913490775557416,0.044630721997999244
17460,Cleveland,0,0,1.2056899915339085,0.02518656501891522
17460,Cleveland,0,1000,1.170578900871936,0.04932215668012005
17460,Cleveland,0,1500,1.2077623680322522,0.05210252164614164
17460,Cleveland,0,2000,1.2313880474049024,0.056191428932813606
17460,Cleveland,0,2500,1.237568855153432,0.055784377982453115
17460,Cleveland,0,3000,1.2079647286067554,0.059397242632262814
17460,Cleveland,0,4000,1.1398604837576731,0.059693906884220445
17460,Cleveland,0,4500,1.135326065307838,0.05523244449043891
17460,Cleveland,0,5000,1.1484193384628525,0.053907804109604794
17460,Cleveland,0,3500,1.1623114129545018,0.05908907976588822
17460,Cleveland,0,6000,1.163838439781379,0.05164257706946313
17460,Cleveland,0,6500,1.186096933705659,0.04741338668690423
17460,Cleveland,0,7000,1.1733443599158622,0.04295192429312268
17460,Cleveland,0,7500,1.1520931670149182,0.04149849943081859
17460,Cleveland,0,8000,1.1276074055782028,0.04113744293812596
17460,Cleveland,0,8500,1.1172627626195517,0.03997838260489611
17460,Cleveland,0,9000,1.1196411084133684,0.037287706831326824
17460,Cleveland,0,9500,1.1138456030448276,0.03770395667322088
17460,Cleveland,0,5500,1.1503346760154152,0.0544919337219865
17460,Cleveland,0,10000,1.114841703215053,0.03535593960927708
36740,Orlando,1,3500,1.1326843855078776,0.06169290892614408
36740,Orlando,1,3000,1.149937154693313,0.06155839374716811
36740,Orlando,1,2500,1.2017620173822159,0.05159719075668328
36740,Orlando,1,500,1.1727220973759525,0.03990144993203444
36740,Orlando,1,1500,1.3911611810398763,0.04953698459447214
36740,Orlando,1,1000,1.3433101974578319,0.04522541912097871
36740,Orlando,1,4000,1.1099212108542065,0.058407906660625286
36740,Orlando,1,2000,1.3205996692104793,0.04991929089261441
36740,Orlando,1,4500,1.0900882185055056,0.054832634798368834
36740,Orlando,1,10000,1.09299318057757,0.035384571816946084
36740,Orlando,1,5500,1.1335615337272071,0.052234367920253745
36740,Orlando,1,6000,1.1288448505719038,0.0552149410965111
36740,Orlando,1,6500,1.125076504820657,0.04879361123697327
36740,Orlando,1,7000,1.1077718899045546,0.048991844132306304
36740,Orlando,1,7500,1.0917740174354695,0.04485727231536022
36740,Orlando,1,8000,1.0636098678432104,0.04125368146805619
36740,Orlando,1,8500,1.0545744627884246,0.03616334390575442
36740,Orlando,1,9000,1.0938240322768096,0.03840762347077481
36740,Orlando,1,0,1.0808955826383317,0.03571024014499321
36740,Orlando,1,5000,1.1001110924716235,0.05530697779791572
36740,Orlando,1,9500,1.109952930021967,0.0350093452650657
33340,Milwaukee,2,10000,1.0689419446272928,0.03361814422372941
33340,Milwaukee,2,9000,1.1146126504781724,0.031968815621153245
33340,Milwaukee,2,7500,1.1281280026005747,0.04169583162366344
33340,Milwaukee,2,7000,1.107954209835603,0.043687094204822474
33340,Milwaukee,2,6500,1.1657655318299667,0.046977705904596406
33340,Milwaukee,2,6000,1.1650130476347125,0.05585592108968325
33340,Milwaukee,2,5500,1.1897153660831594,0.05634267416507768
33340,Milwaukee,2,5000,1.1445822866163364,0.0584868013484267
33340,Milwaukee,2,4500,1.175201888240179,0.05643117472424031
33340,Milwaukee,2,8000,1.1157925863564018,0.038031103923792976
33340,Milwaukee,2,4000,1.2018650004814853,0.06245323549998793
33340,Milwaukee,2,3000,1.2374642964161084,0.05691390504694553
33340,Milwaukee,2,2500,1.23350435724848,0.05679724521895843
33340,Milwaukee,2,2000,1.1995137086461527,0.055863966595061675
33340,Milwaukee,2,1500,1.1856354478727453,0.050747025174386326
33340,Milwaukee,2,1000,1.0603446967779697,0.046245564915160145
33340,Milwaukee,2,500,0.9289456809691456,0.04517953545251945
33340,Milwaukee,2,0,0.8267551197350826,0.03004191708302157
33340,Milwaukee,2,3500,1.261813358613768,0.06119411390826515
33340,Milwaukee,2,8500,1.1481418031659505,0.03896840530037894
33340,Milwaukee,2,9500,1.0834193946634245,0.03249981897612899
36420,OklahomaCity,3,10000,1.0806536715988992,0.04445324541873608
36420,OklahomaCity,3,1500,1.1137080730997793,0.057051721185134435
36420,OklahomaCity,3,2000,1.1929044518322232,0.05837900325398184
36420,OklahomaCity,3,2500,1.2257762475246692,0.0615901695495804
36420,OklahomaCity,3,3000,1.2583499088086243,0.06369883541702345
36420,OklahomaCity,3,3500,1.229533694122327,0.0571266483986984
36420,OklahomaCity,3,4000,1.2003764098638245,0.05670919678027059
36420,OklahomaCity,3,4500,1.1622897646830237,0.04712921733173488
36420,OklahomaCity,3,5000,1.1888013711857932,0.04727907175886282
36420,OklahomaCity,3,5500,1.1640694064727006,0.041520380202089396
36420,OklahomaCity,3,6000,1.1486085214990427,0.04933421818804589
36420,OklahomaCity,3,6500,1.144825556687721,0.04133841411200547
36420,OklahomaCity,3,7000,1.1248326898496661,0.05032967973968144
36420,OklahomaCity,3,7500,1.1191591112416166,0.04093166638122966
36420,OklahomaCity,3,8000,1.0848249863964539,0.034616372666552486
36420,OklahomaCity,3,8500,1.092341579477242,0.04202346292173317
36420,OklahomaCity,3,9000,1.0885453945999608,0.0403857681109779
36420,OklahomaCity,3,9500,1.0997949490909986,0.042291060113033054
36420,OklahomaCity,3,0,0.8444958839820589,0.03409188217160473
36420,OklahomaCity,3,1000,1.0427965268763557,0.048167494433978414
36420,OklahomaCity,3,500,0.8834726504041805,0.041552491865045386
18140,Columbus,4,0,1.2357996000352673,0.03466914985646355
18140,Columbus,4,500,1.1453032245348589,0.048102618920363445
18140,Columbus,4,10000,1.1222988197514778,0.034569969198895795
18140,Columbus,4,9500,1.1243475512849872,0.035054852413671504
18140,Columbus,4,9000,1.1487260731520752,0.035424024861284834
18140,Columbus,4,8500,1.1297808401570306,0.03911023930088657
18140,Columbus,4,7500,1.1252801330329345,0.041523635301702055
18140,Columbus,4,7000,1.1461527760556043,0.04340806779548949
18140,Columbus,4,6500,1.1586450021081875,0.04512719919333066
18140,Columbus,4,6000,1.1735365895071472,0.04969501947797914
18140,Columbus,4,8000,1.1268159131260629,0.037523348779802415
18140,Columbus,4,5000,1.1581577814460073,0.052813700154832034
18140,Columbus,4,5500,1.1752860988902296,0.052378407268840195
18140,Columbus,4,1500,1.1076844308252016,0.05270349942420118
18140,Columbus,4,2000,1.145430114543261,0.0590235113258801
18140,Columbus,4,2500,1.1164679546301226,0.0572878498184443
18140,Columbus,4,1000,1.1324777950768694,0.048813413632932394
18140,Columbus,4,3500,1.0922457588672543,0.059122691983447856
18140,Columbus,4,4000,1.0982582874039244,0.05961308523475511
18140,Columbus,4,4500,1.119063393187758,0.05587177042983796
18140,Columbus,4,3000,1.0939148480161955,0.058163945626959514
29820,LasVegas,5,6000,1.1207018851631039,0.04636065811583515
29820,LasVegas,5,10000,1.0542873388342004,0.03839411999371381
29820,LasVegas,5,9500,1.0437694769058135,0.035299379843087
29820,LasVegas,5,9000,1.0391426498537997,0.04194219122109259
29820,LasVegas,5,8500,1.0258230109584876,0.04226254518199732
29820,LasVegas,5,8000,1.0142905722010866,0.04203890185079968
29820,LasVegas,5,7500,1.0459527480715283,0.044897909841515454
29820,LasVegas,5,7000,1.0979172592507818,0.04583479406680287
29820,LasVegas,5,6500,1.147461467309917,0.04827673746690683
29820,LasVegas,5,5500,1.1078273677544586,0.04636065811583515
29820,LasVegas,5,2500,1.117811125588854,0.053438667327522636
29820,LasVegas,5,4500,1.109511962173434,0.04938890970853834
29820,LasVegas,5,5000,1.0935353217636787,0.04921362169219424
29820,LasVegas,5,500,1.23252120901796,0.051462143832884034
29820,LasVegas,5,1000,1.2033630091575698,0.053438667327522636
29820,LasVegas,5,1500,1.1952663798980843,0.061121117974879416
29820,LasVegas,5,0,1.223486151239813,0.04200867977901621
29820,LasVegas,5,3000,1.1256578064880378,0.053982664619625004
29820,LasVegas,5,3500,1.101875288106083,0.04706181018121155
29820,LasVegas,5,4000,1.1264760055362173,0.04918944403476747
29820,LasVegas,5,2000,1.1611179010821957,0.05802637782425261
19740,Denver,6,4000,1.103072257178405,0.0564607354779813
19740,Denver,6,0,1.3114813937804382,0.03222925638532219
19740,Denver,6,500,1.2583405044961542,0.05308698327015817
19740,Denver,6,1000,1.175373409738566,0.05049713231062335
19740,Denver,6,1500,1.1570131001729114,0.05974518248030324
19740,Denver,6,2000,1.1178447064400754,0.07107702077834448
19740,Denver,6,2500,1.1173542342051408,0.061828970608664595
19740,Denver,6,3000,1.0758528867279975,0.057840004762944285
19740,Denver,6,3500,1.108335791017595,0.05640119867431384
19740,Denver,6,4500,1.0719032683487808,0.05395026692333644
19740,Denver,6,10000,1.0442065540883907,0.030701145091190533
19740,Denver,6,5500,1.0967067973624085,0.049941455476393656
19740,Denver,6,6000,1.127500530862109,0.043799241898033296
19740,Denver,6,6500,1.0877463916581378,0.04239020421123658
19740,Denver,6,7000,1.021807500277536,0.04060410010121256
19740,Denver,6,7500,1.024092001232339,0.04068348250610252
19740,Denver,6,8000,1.0728537823458386,0.040346107285320204
19740,Denver,6,8500,1.0987568355079966,0.03633729583837743
19740,Denver,6,9000,1.0501472798242992,0.0355732401913116
19740,Denver,6,9500,1.0448926851570146,0.03464049693385461
19740,Denver,6,5000,1.0679964934409243,0.05186647879497509
41620,SaltLakeCity,7,4000,1.0678512688654396,0.055121424865035754
41620,SaltLakeCity,7,3500,1.109632148948029,0.0678223248557575
41620,SaltLakeCity,7,3000,1.1765623396723683,0.06356463679068601
41620,SaltLakeCity,7,1000,1.046749034856241,0.06443060724459886
41620,SaltLakeCity,7,2000,1.122262329225517,0.0669443270344292
41620,SaltLakeCity,7,1500,1.0637823092877225,0.07143053508039436
41620,SaltLakeCity,7,4500,1.0129874014908817,0.04629333718209091
41620,SaltLakeCity,7,2500,1.1532058130859046,0.06178458641319849
41620,SaltLakeCity,7,5000,1.0402632767860334,0.045728050913564466
41620,SaltLakeCity,7,7500,1.0366066544575363,0.0332797256385673
41620,SaltLakeCity,7,6000,1.0587405738667413,0.04546344883042443
41620,SaltLakeCity,7,6500,1.0172798482787644,0.039112998835063556
41620,SaltLakeCity,7,7000,1.053283336175614,0.0375374137036388
41620,SaltLakeCity,7,8000,1.0452668659502835,0.04533114778885441
41620,SaltLakeCity,7,8500,0.9924476148908687,0.03441029817562018
41620,SaltLakeCity,7,9000,1.0164209019390318,0.03659927904523321
41620,SaltLakeCity,7,9500,1.0391861526700572,0.032401727817239
41620,SaltLakeCity,7,10000,1.0648792244003367,0.026809001969051865
41620,SaltLakeCity,7,500,1.2300255827094413,0.05788771937059068
41620,SaltLakeCity,7,5500,1.0359603232682173,0.04311811218441047
41620,SaltLakeCity,7,0,1.4882471066049556,0.024929296261550566
19100,Dallas,8,10000,1.0086195580779638,0.03472791652575678
19100,Dallas,8,0,1.1471621491877504,0.024556153167885827
19100,Dallas,8,9500,1.002246900718301,0.0338384470109346
19100,Dallas,8,9000,1.0200064209970583,0.03705814134844196
19100,Dallas,8,8500,1.03151421741302,0.03866412797242644
19100,Dallas,8,8000,1.059782500889169,0.03997208054022919
19100,Dallas,8,7500,1.0651958942447792,0.0420336114469785
19100,Dallas,8,6500,1.0776750537864825,0.04558840107045185
19100,Dallas,8,6000,1.0854971638331743,0.04764375510557046
19100,Dallas,8,5500,1.1051288778108306,0.052622313639922355
19100,Dallas,8,5000,1.1314922737977118,0.05385459953024891
19100,Dallas,8,7000,1.081619741378361,0.04159659777910581
19100,Dallas,8,4000,1.1568557093300869,0.058223191991068235
19100,Dallas,8,4500,1.1503566865646717,0.05572464741644623
19100,Dallas,8,1000,1.1283131416638026,0.05414800093270761
19100,Dallas,8,1500,1.1486258340571058,0.0558219331446299
19100,Dallas,8,2000,1.1528746383588528,0.05930105609062705
19100,Dallas,8,500,1.1488885384270888,0.04468812203027594
19100,Dallas,8,3000,1.1560653586049714,0.05903390639259887
19100,Dallas,8,3500,1.1517747704859667,0.05970255274662317
19100,Dallas,8,2500,1.1471153581301372,0.06120044411707024
26420,Houston,9,5500,1.0866290129796214,0.04843753148476184
26420,Houston,9,9000,1.0738366858873387,0.03487641486795177
26420,Houston,9,8500,1.074645677241903,0.03812610024931352
26420,Houston,9,8000,1.0724992818037915,0.0374996107338537
26420,Houston,9,7500,1.0723843613591921,0.04063572199252976
26420,Houston,9,7000,1.0680495534635739,0.04412537850408226
26420,Houston,9,6500,1.0570361039988225,0.04565496547896222
26420,Houston,9,6000,1.0770479193771323,0.043068406426829874
26420,Houston,9,5000,1.1007517065623296,0.05480500971791486
26420,Houston,9,0,1.1552095909343127,0.0281114272053988
26420,Houston,9,4000,1.0840076413505457,0.05860607914650879
26420,Houston,9,3500,1.099374638055876,0.061973002331933195
26420,Houston,9,3000,1.1220436255032207,0.06209573565806129
26420,Houston,9,2500,1.1504007225154624,0.06415106091053473
26420,Houston,9,2000,1.164891671074912,0.0590933487696442
26420,Houston,9,1500,1.1278425737683517,0.05955680446382939
26420,Houston,9,1000,1.1241984255759323,0.05254268646764328
26420,Houston,9,500,1.1274379704662096,0.04428474864397993
26420,Houston,9,9500,1.0844230880428387,0.03611657101405205
26420,Houston,9,4500,1.0982991321088007,0.05430674905064856
26420,Houston,9,10000,1.0744979535095338,0.031932646881566
45300,Tampa,10,10000,1.069940521036456,0.03433485037657578
45300,Tampa,10,9500,1.015135366517206,0.03270369326191148
45300,Tampa,10,0,1.1919149345758657,0.03527125538684603
45300,Tampa,10,500,1.2097074314626588,0.044725925329252084
45300,Tampa,10,1000,1.0800461311949705,0.04522936888316082
45300,Tampa,10,1500,1.1458756148781803,0.050847798944782314
45300,Tampa,10,2000,1.0836132160359477,0.05007249587176286
45300,Tampa,10,3000,1.0506168226237467,0.06078577469894077
45300,Tampa,10,3500,1.0625365445313721,0.05789600869950462
45300,Tampa,10,4000,1.0360885759615832,0.060302468887188376
45300,Tampa,10,4500,1.0820137733238953,0.06201417697047807
45300,Tampa,10,2500,1.092968442781213,0.06131942486608402
45300,Tampa,10,5500,1.0792550317427092,0.0532039147770752
45300,Tampa,10,6000,1.0735676019504596,0.0494985702203069
45300,Tampa,10,6500,1.088473256748981,0.045128680172379074
45300,Tampa,10,7000,1.0846414444517711,0.040154657859760766
45300,Tampa,10,7500,1.0382635497626878,0.04223891417294293
45300,Tampa,10,8000,1.054833281244615,0.039822385114181
45300,Tampa,10,8500,1.0093797158367241,0.036409037818679775
45300,Tampa,10,9000,1.04229740844649,0.038130814773047646
45300,Tampa,10,5000,1.0670653915776964,0.059909782915139556
40060,Richmond,11,3500,1.0715269789626087,0.05906235368930072
40060,Richmond,11,3000,1.083265338076425,0.060564768034213116
40060,Richmond,11,2500,1.1288549681693405,0.057552951370691045
40060,Richmond,11,2000,1.1871364321248437,0.05554041494587814
40060,Richmond,11,0,1.1122521475590887,0.02756755623571833
40060,Richmond,11,1000,1.1362736596185992,0.049223286723548774
40060,Richmond,11,500,1.0866300902556245,0.043849534950350454
40060,Richmond,11,4000,1.0929812993030954,0.05482065365505964
40060,Richmond,11,1500,1.1543467817467767,0.05169004143868403
40060,Richmond,11,4500,1.0802842195747486,0.05604354905208137
40060,Richmond,11,5000,1.0617286557933243,0.05840548416175762
40060,Richmond,11,5500,1.0615559541664223,0.05133365478012341
40060,Richmond,11,9500,1.064756355435627,0.03944012354737497
40060,Richmond,11,9000,1.0797592294784608,0.038706386309161935
40060,Richmond,11,8500,1.0827641575114426,0.04112422520841632
40060,Richmond,11,8000,1.087354691177066,0.03630252335730208
40060,Richmond,11,10000,1.046369326845665,0.038706386309161935
40060,Richmond,11,7000,1.0792597314916317,0.0477767761682145
40060,Richmond,11,6500,1.0889285195717817,0.04260567563223692
40060,Richmond,11,6000,1.0742802300571062,0.04622544600742123
40060,Richmond,11,7500,1.0676778899523947,0.043458208423303495
19820,Detroit,12,5000,1.0268971120728076,0.05302457683410065
19820,Detroit,12,1500,1.1486243027659493,0.05226566496407766
19820,Detroit,12,2000,1.1185673263593663,0.05576093512601449
19820,Detroit,12,2500,1.1058194455986992,0.059662383471907283
19820,Detroit,12,3000,1.0780172711732052,0.05896760499935103
19820,Detroit,12,3500,1.0676760655361002,0.05386899990074593
19820,Detroit,12,4000,1.0642077580626166,0.056374783358910344
19820,Detroit,12,4500,1.0572038544819784,0.05494094382983272
19820,Detroit,12,5500,1.0161697894888377,0.04896584896584896
19820,Detroit,12,8000,1.0635718843877746,0.044076440901837724
19820,Detroit,12,6500,1.0432360146717372,0.04809852111439413
19820,Detroit,12,7000,1.0460855076165996,0.048504699298350086
19820,Detroit,12,7500,1.064095868518932,0.044872000427555986
19820,Detroit,12,1000,1.1778054218355958,0.04740221565618391
19820,Detroit,12,8500,1.0689159248955742,0.042018064240286465
19820,Detroit,12,9000,1.06509609593826,0.04184246089007994
19820,Detroit,12,9500,1.0680367247673621,0.040055887674935294
19820,Detroit,12,10000,1.06648900832465,0.039480214083388684
19820,Detroit,12,6000,1.0158669774186728,0.051355581514311674
19820,Detroit,12,500,1.2406375588622207,0.03921909953655985
19820,Detroit,12,0,1.2699674774960923,0.01924307321132718
41180,StLouis,13,0,1.1759356378526997,0.019762313809532243
41180,StLouis,13,500,1.1584180458462299,0.03766139459095659
41180,StLouis,13,1000,1.1040189108422678,0.04377180708807849
41180,StLouis,13,1500,1.1063925379237494,0.04830591027434867
41180,StLouis,13,2000,1.1138576811965775,0.05653459910380617
41180,StLouis,13,2500,1.1124747520157965,0.05577655372735163
41180,StLouis,13,3000,1.0767980885926485,0.054469456793184684
41180,StLouis,13,4000,1.013031252924391,0.0537574609022157
41180,StLouis,13,4500,1.0639852867170558,0.05614494961123608
41180,StLouis,13,5000,1.085804318628483,0.05263456190999097
41180,StLouis,13,3500,1.0404535049902692,0.05733869396574627
41180,StLouis,13,6000,1.085553930926432,0.047608083455836774
41180,StLouis,13,5500,1.1008957964583372,0.05427463204689963
41180,StLouis,13,9500,1.0361469199706923,0.040601477125803656
41180,StLouis,13,9000,1.0478235266484346,0.04615929579709889
41180,StLouis,13,8500,1.0612795125208476,0.045142664848302365
41180,StLouis,13,10000,1.0393493224667802,0.03976550185083509
41180,StLouis,13,7500,1.096655789251209,0.045836949398699985
41180,StLouis,13,7000,1.0999062393162364,0.0486636793538903
41180,StLouis,13,6500,1.0881662185891485,0.04812879686863499
41180,StLouis,13,8000,1.077543819158207,0.04766121747755088
38300,Pittsburgh,14,6500,1.0563805190788085,0.04330024157570842
38300,Pittsburgh,14,10000,1.0148688040929394,0.03291424944014389
38300,Pittsburgh,14,9500,1.0195187054749348,0.034011038422880925
38300,Pittsburgh,14,9000,1.016846614838702,0.035136040627038845
38300,Pittsburgh,14,8500,1.0280216733780674,0.03456824954594347
38300,Pittsburgh,14,8000,1.039160664813571,0.038235968330658954
38300,Pittsburgh,14,7500,1.0608415192259535,0.03992170831055703
38300,Pittsburgh,14,7000,1.0439729146655918,0.04126888963340445
38300,Pittsburgh,14,500,1.2051761693446676,0.05956869037752817
38300,Pittsburgh,14,6000,1.043775223861704,0.047260672532665624
38300,Pittsburgh,14,5000,1.0691820656917312,0.05240605878930014
38300,Pittsburgh,14,5500,1.065541589295529,0.0482763485038176
38300,Pittsburgh,14,1000,1.1778479153023027,0.059519317240041614
38300,Pittsburgh,14,1500,1.1526308210512641,0.056648621960466224
38300,Pittsburgh,14,2000,1.0846624420503475,0.06096171818518453
38300,Pittsburgh,14,0,1.1973905261676205,0.03505492761545379
38300,Pittsburgh,14,3000,1.0897688558279304,0.05691664756396467
38300,Pittsburgh,14,3500,1.1262787347809906,0.05548482657685458
38300,Pittsburgh,14,4000,1.1053739309927848,0.05493466875914725
38300,Pittsburgh,14,4500,1.1007238987898647,0.05583749184461568
38300,Pittsburgh,14,2500,1.0904384350386682,0.05777362416462415
13820,Birmingham,15,6000,1.056281193236703,0.04659640286651433
13820,Birmingham,15,9500,1.061505407588461,0.04348738516065849
13820,Birmingham,15,9000,1.106886979037458,0.04586578370563821
13820,Birmingham,15,8500,1.08264571199442,0.04318425593433754
13820,Birmingham,15,8000,1.0784230151276313,0.047124935876509816
13820,Birmingham,15,7500,1.0684880205054017,0.04436568266256276
13820,Birmingham,15,7000,1.084932426261491,0.045018576380792485
13820,Birmingham,15,6500,1.08736980286171,0.04850844875561566
13820,Birmingham,15,5500,1.0410291017221829,0.052783348101167436
13820,Birmingham,15,3000,1.1469993519532535,0.05611776959069782
13820,Birmingham,15,4500,1.08353127500193,0.054229041334390396
13820,Birmingham,15,4000,1.1383605200431988,0.05518506427894107
13820,Birmingham,15,3500,1.1587875020692595,0.05981750066066626
13820,Birmingham,15,2500,1.0664460929887576,0.05460989600335774
13820,Birmingham,15,2000,1.077203480991234,0.05823190163067979
13820,Birmingham,15,1500,1.029573495377837,0.04487867058402897
13820,Birmingham,15,1000,1.0477644033569578,0.0452362076202024
13820,Birmingham,15,500,1.0390308710147627,0.03725380466041754
13820,Birmingham,15,0,1.094410901651788,0.02235383730510345
13820,Birmingham,15,5000,1.0607848778835594,0.055705824744671915
13820,Birmingham,15,10000,1.0897923950598456,0.03944566214304591
12060,Atlanta,16,0,1.2929649362123192,0.022488696475495878
12060,Atlanta,16,5500,1.0598970056683554,0.054999622644098495
12060,Atlanta,16,1000,1.1532024880397418,0.04267552195182194
12060,Atlanta,16,1500,1.1009666347485918,0.045927643721140846
12060,Atlanta,16,2000,1.0843274807967889,0.050581128088315004
12060,Atlanta,16,2500,1.0817665513352583,0.0556771480127066
12060,Atlanta,16,3000,1.0789378246746182,0.05747130379894477
12060,Atlanta,16,3500,1.0571536231981367,0.05543872769312046
12060,Atlanta,16,4000,1.0450232927389287,0.0559910395125934
12060,Atlanta,16,500,1.2460440487971718,0.03569443777401184
12060,Atlanta,16,4500,1.0423869268334893,0.05576634122578918
12060,Atlanta,16,6000,1.075806309552633,0.051003080596359544
12060,Atlanta,16,6500,1.0674506834789388,0.05042675521951822
12060,Atlanta,16,7000,1.0604685684599415,0.048776680777490374
12060,Atlanta,16,7500,1.0495773219827225,0.04761373849922128
12060,Atlanta,16,8000,1.0407011567308397,0.046539989434034756
12060,Atlanta,16,8500,1.0350348439232073,0.044390776049563985
12060,Atlanta,16,9000,1.02583420495314,0.04172012541937963
12060,Atlanta,16,5000,1.057272216866806,0.056222598815788574
12060,Atlanta,16,9500,1.0234631426314762,0.04039766451002051
12060,Atlanta,16,10000,1.0384322047800763,0.040196979780584695
32820,Memphis,17,9500,1.086690934034045,0.04462736201196397
32820,Memphis,17,0,0.9344933927267429,0.030297741969886466
32820,Memphis,17,500,1.0056284340884667,0.04653733166574561
32820,Memphis,17,1000,1.1635573403150834,0.05122015066461126
32820,Memphis,17,1500,1.166886543332694,0.054361420552049095
32820,Memphis,17,2000,1.181217670080798,0.04658580805289743
32820,Memphis,17,2500,1.1148946123255754,0.061361410856771666
32820,Memphis,17,3000,1.0366229854191837,0.06005254840367257
32820,Memphis,17,3500,0.9855626910735786,0.056523467419020194
32820,Memphis,17,4000,1.035783911141236,0.05222845951736909
32820,Memphis,17,4500,1.06618594751121,0.05863703789883948
32820,Memphis,17,5000,1.0355854612541393,0.05274230922117836
32820,Memphis,17,5500,1.0256028027283455,0.05213150674306545
32820,Memphis,17,6000,1.0206926169484878,0.05212181146563509
32820,Memphis,17,6500,1.054702356853085,0.043997168978990336
32820,Memphis,17,7000,1.0489062597102305,0.04159274017626014
32820,Memphis,17,7500,1.0627795413080197,0.04104980464015978
32820,Memphis,17,8000,1.0298760324201255,0.03850964195340449
32820,Memphis,17,8500,1.064856476145773,0.03840299390167049
32820,Memphis,17,9000,1.0476523176694066,0.03616338481525649
32820,Memphis,17,10000,1.068449171055032,0.0408558990915525
27260,Jacksonville,18,500,0.8794193103794532,0.03264544549038313
27260,Jacksonville,18,0,0.6745420061667358,0.020790954111193725
27260,Jacksonville,18,1000,1.1459583752816724,0.04170816907731373
27260,Jacksonville,18,1500,1.0773297352920237,0.04511721216032323
27260,Jacksonville,18,2000,0.9851147743819655,0.052931356181871746
27260,Jacksonville,18,2500,1.0866790548239231,0.05371697927919081
27260,Jacksonville,18,3000,1.0615252559681712,0.05436231253770289
27260,Jacksonville,18,4000,1.0416874318588971,0.05399755895680476
27260,Jacksonville,18,4500,1.0353495020338312,0.05439037050546429
27260,Jacksonville,18,5000,1.0533512184460023,0.058963819250571675
27260,Jacksonville,18,3500,1.0602797519790972,0.05495152986069219
27260,Jacksonville,18,5500,1.0527550030189412,0.05966526844460655
27260,Jacksonville,18,9500,1.065727584343614,0.04095060394775606
27260,Jacksonville,18,9000,1.0337519974952483,0.03936532876923725
27260,Jacksonville,18,8500,0.9921055943391548,0.04271825591672395
27260,Jacksonville,18,8000,1.0033948889906286,0.046983067016456
27260,Jacksonville,18,10000,1.084645879320132,0.041273270577012106
27260,Jacksonville,18,7000,1.1029277221699414,0.05082700859976712
27260,Jacksonville,18,6500,1.1204067327758822,0.05528822547382893
27260,Jacksonville,18,6000,1.081687806082549,0.05124787811618804
27260,Jacksonville,18,7500,1.0667480108926202,0.0481053857269118
31080,LosAngeles,19,4500,1.0815881530724125,0.05156699374048384
31080,LosAngeles,19,500,1.1379024871107473,0.05916405853493486
31080,LosAngeles,19,1500,1.1277889322872934,0.06414418034173575
31080,LosAngeles,19,2000,1.112851666626433,0.06498741752664523
31080,LosAngeles,19,2500,1.1086078485256736,0.05992535104043309
31080,LosAngeles,19,3000,1.1101033274567955,0.05583340382338013
31080,LosAngeles,19,3500,1.1112261091032622,0.05565101082727119
31080,LosAngeles,19,4000,1.0836895832714826,0.053663191507359154
31080,LosAngeles,19,1000,1.1453495463684242,0.06795857299949247
31080,LosAngeles,19,9500,1.0503098050989694,0.032727647606158004
31080,LosAngeles,19,5500,1.0741735275741164,0.043213923194045
31080,LosAngeles,19,6000,1.036030941239154,0.04269053459651497
31080,LosAngeles,19,6500,1.0279253568599178,0.039238284554220945
31080,LosAngeles,19,7000,1.012728953670552,0.03907703857215361
31080,LosAngeles,19,7500,1.0331916312303404,0.038233801387244123
31080,LosAngeles,19,8000,1.0377526791238423,0.03709450600575199
31080,LosAngeles,19,8500,1.0420316378177186,0.037107722889527996
31080,LosAngeles,19,0,1.1360872956810786,0.0459048807308408
31080,LosAngeles,19,9000,1.0473369242615178,0.03620368803924885
31080,LosAngeles,19,5000,1.0598165898257115,0.04574363474877347
31080,LosAngeles,19,10000,1.0475683006022167,0.02987015733378447
16740,Charlotte,20,500,1.121941910405145,0.03874250334603635
16740,Charlotte,20,9500,1.0593623021032303,0.0452915393810599
16740,Charlotte,20,1000,1.0690410552945677,0.04183311707551314
16740,Charlotte,20,1500,1.070854864320685,0.04915863788223995
16740,Charlotte,20,2000,1.0497892902736046,0.048208465727392534
16740,Charlotte,20,2500,1.0592016240741435,0.05384819722713201
16740,Charlotte,20,3000,1.0575052404315846,0.05783279013455663
16740,Charlotte,20,3500,1.082056619174525,0.05626449523381386
16740,Charlotte,20,4000,1.0502077494144246,0.05389928175158617
16740,Charlotte,20,10000,1.051937436342569,0.039672241691102096
16740,Charlotte,20,4500,1.0789329526294194,0.050507269327829826
16740,Charlotte,20,6000,1.0956015049179355,0.051534068269358475
16740,Charlotte,20,6500,1.0743433056933642,0.04865290109014375
16740,Charlotte,20,7000,1.051021562950616,0.05130418790931475
16740,Charlotte,20,7500,1.0455255289701635,0.04674744832800351
16740,Charlotte,20,8000,1.048711713621119,0.04531708164328698
16740,Charlotte,20,8500,1.020633880446925,0.04271687934857014
16740,Charlotte,20,9000,1.0311122286907295,0.043488255667827984
16740,Charlotte,20,5500,1.1254949511681647,0.05490053843088774
16740,Charlotte,20,5000,1.0864470996137052,0.05292356733451168
16740,Charlotte,20,0,1.1616883629974715,0.02715653319983244
17140,Cincinnati,21,2000,1.0506808093658877,0.047881603074896036
17140,Cincinnati,21,1000,1.0109935717139442,0.046576618537494174
17140,Cincinnati,21,1500,1.03809943198347,0.044646416327832256
17140,Cincinnati,21,2500,1.0272072503399345,0.05183851760470297
17140,Cincinnati,21,3000,1.017802461506499,0.05289173663649677
17140,Cincinnati,21,3500,0.9986685968858544,0.05183851760470297
17140,Cincinnati,21,4000,1.0321349912980637,0.055174410554009984
17140,Cincinnati,21,4500,1.0272004285372864,0.05384005337428718
17140,Cincinnati,21,5000,1.0387121715970886,0.053999504861172304
17140,Cincinnati,21,500,1.218863705471927,0.04165879899461641
17140,Cincinnati,21,5500,1.0497386489606506,0.04824246696626762
17140,Cincinnati,21,6500,1.0631819313229698,0.051922439439905675
17140,Cincinnati,21,7000,1.0602666983233715,0.0504831799661795
17140,Cincinnati,21,7500,1.0804518486286754,0.045489830771619305
17140,Cincinnati,21,8000,1.0672848670312283,0.052845579627135285
17140,Cincinnati,21,8500,1.0685502799329767,0.04843968327899394
17140,Cincinnati,21,9000,1.0515445544350397,0.045569556515061865
17140,Cincinnati,21,9500,1.0531572172151817,0.04081958064258949
17140,Cincinnati,21,10000,1.0608454112386974,0.038117297549062804
17140,Cincinnati,21,6000,1.054507597816496,0.04924952898869992
17140,Cincinnati,21,0,1.305849941220457,0.028474678684273464
38060,Phoenix,22,9000,1.0554214028456734,0.036440637247836145
38060,Phoenix,22,10000,1.0408271116786916,0.0343128170280529
38060,Phoenix,22,8500,1.0697554483143776,0.043839960463727526
38060,Phoenix,22,8000,1.0701597737909765,0.04717583345345222
38060,Phoenix,22,7500,1.0785534141467938,0.045123516531790316
38060,Phoenix,22,7000,1.0667816731040252,0.04723074494299501
38060,Phoenix,22,6500,1.1053497650173731,0.049825312823891986
38060,Phoenix,22,9500,1.0182778202226344,0.03703779969661402
38060,Phoenix,22,5500,1.140697409295769,0.049125191332221374
38060,Phoenix,22,5000,1.1142065138235284,0.050401883464091315
38060,Phoenix,22,4500,1.0997925031812534,0.053126866132652426
38060,Phoenix,22,6000,1.1188981042441881,0.045700087171989645
38060,Phoenix,22,3500,1.0759223909458295,0.057348186891254656
38060,Phoenix,22,3000,1.080261883740139,0.05678534412344103
38060,Phoenix,22,2500,0.9994204343748261,0.054170184433965506
38060,Phoenix,22,2000,0.9970824077770621,0.053449471133716335
38060,Phoenix,22,1500,0.9517997612333811,0.04618742664168194
38060,Phoenix,22,1000,1.0588048262157166,0.05399172209295142
38060,Phoenix,22,500,1.0287131041213031,0.04859666824537199
38060,Phoenix,22,0,1.0717403726146557,0.04171900418013714
38060,Phoenix,22,4000,1.0879693161512105,0.04841134196816506
33100,Miami,23,6500,1.0359878647748053,0.05265401945508906
33100,Miami,23,7000,1.0412872776692805,0.04637954267907525
33100,Miami,23,7500,1.0505083584182178,0.04251852865625132
33100,Miami,23,8000,1.0462634605183905,0.03954446877500316
33100,Miami,23,10000,0.9871647528660099,0.032627805617551686
33100,Miami,23,9000,1.0277265823462576,0.037515265086116134
33100,Miami,23,9500,1.007899004554382,0.035072851307533584
33100,Miami,23,6000,1.0493906957032186,0.05835737145744725
33100,Miami,23,8500,1.047360999509222,0.0363730155388049
33100,Miami,23,5500,1.0709568462017067,0.055922853413062704
33100,Miami,23,5000,1.0740107908632128,0.049640480902850885
33100,Miami,23,4500,1.0470434498408532,0.05553333052596117
33100,Miami,23,0,1.122123078410896,0.034485935065481955
33100,Miami,23,1000,1.1401106103619685,0.04859824398871437
33100,Miami,23,1500,1.1452286047266829,0.05009053775213711
33100,Miami,23,2000,1.1185492100213759,0.055980755463848064
33100,Miami,23,500,1.1422403227639715,0.05166705268033857
33100,Miami,23,3000,1.0883353184050155,0.055986019286646725
33100,Miami,23,3500,1.0593676121934732,0.05547016465237714
33100,Miami,23,4000,1.042511204849743,0.05341200993809744
33100,Miami,23,2500,1.0823701912025367,0.05216974775761148
41940,SanJose,24,0,1.2100226084819243,0.04051733507227476
41940,SanJose,24,8500,1.0302408468764714,0.03154004999456581
41940,SanJose,24,8000,1.029594891940494,0.0368655580915118
41940,SanJose,24,7500,1.0289218086835878,0.04099554396261276
41940,SanJose,24,7000,1.0439507458342978,0.043256167807846975
41940,SanJose,24,6500,1.080167105690908,0.043538745788501254
41940,SanJose,24,6000,1.1041792914031827,0.04358221932398653
41940,SanJose,24,5500,1.0687609338981725,0.04682099771763939
41940,SanJose,24,3000,0.9787129976041755,0.06386262362786653
41940,SanJose,24,4500,1.0495799380623532,0.05418976198239322
41940,SanJose,24,4000,1.0393286520239353,0.0549505488533855
41940,SanJose,24,3500,0.983792644318032,0.054407129659819586
41940,SanJose,24,9000,0.968857799708378,0.03601782414954896
41940,SanJose,24,2500,1.0186769925404475,0.060602108466471044
41940,SanJose,24,2000,1.07337293184527,0.05605912400825998
41940,SanJose,24,1500,1.0874225664884438,0.06381915009238127
41940,SanJose,24,1000,1.005699299639353,0.055863493098576245
41940,SanJose,24,5000,1.0734695683767284,0.04497337245951527
41940,SanJose,24,9500,0.9939390626790923,0.03186610151070536
41940,SanJose,24,500,1.1516099349261195,0.060428214324529946
41940,SanJose,24,10000,0.9899592878969372,0.03584393000760787
42660,Seattle,25,9500,0.9865919820696063,0.03865164096480822
42660,Seattle,25,9000,0.9948089918116896,0.03624907593652758
42660,Seattle,25,8500,1.0209043906536013,0.03637801502570186
42660,Seattle,25,8000,1.038729613410542,0.04114016538587171
42660,Seattle,25,7500,1.0557314694212498,0.03952412880155415
42660,Seattle,25,7000,1.0666685397693432,0.046641566523974075
42660,Seattle,25,6500,1.0917863299238937,0.047569927966028845
42660,Seattle,25,6000,1.0915110572603628,0.04866591022401017
42660,Seattle,25,5500,1.0519093026773894,0.05415441745319511
42660,Seattle,25,5000,1.047414828328486,0.05349682809840631
42660,Seattle,25,4500,1.0378918030662312,0.05148537830728764
42660,Seattle,25,3500,1.077127690256318,0.05151546409476164
42660,Seattle,25,3000,1.0860095156233425,0.05378479206422886
42660,Seattle,25,2500,1.0864857686190195,0.05066446610621143
42660,Seattle,25,2000,1.095364941531138,0.05523750580225901
42660,Seattle,25,1500,1.1182490481027068,0.05042377980641945
42660,Seattle,25,10000,1.043941014434504,0.0402075059741778
42660,Seattle,25,500,1.0537297358516096,0.05813433733904104
42660,Seattle,25,0,0.9936503117292492,0.04115735726442828
42660,Seattle,25,4000,1.0650363730237022,0.05044097168497602
42660,Seattle,25,1000,1.1096774527818898,0.054476765176130794
12420,Austin,26,10000,1.0451321106105702,0.04236800263172323
12420,Austin,26,5000,0.9988878270929207,0.05199480965696219
12420,Austin,26,9500,1.0613115567253604,0.03785843522122923
12420,Austin,26,0,0.9506152445988656,0.06484273626112544
12420,Austin,26,1000,1.0027771729460624,0.05517480856041084
12420,Austin,26,1500,1.0854954012202849,0.05009412065719978
12420,Austin,26,2000,1.1287049998698089,0.048399035034815505
12420,Austin,26,2500,1.1439930684407693,0.0568059286876108
12420,Austin,26,3000,1.1201002148034445,0.05784765246632674
12420,Austin,26,3500,1.0759670792761853,0.05016722408026756
12420,Austin,26,4000,1.032679820495765,0.05251110258237842
12420,Austin,26,500,0.9739524116359619,0.06020066889632107
12420,Austin,26,5500,1.0324781484118934,0.04847213845788329
12420,Austin,26,6000,1.0635373472645533,0.04447886397280553
12420,Austin,26,6500,1.0538739165678943,0.04071860664875633
12420,Austin,26,7000,1.05444298579285,0.03762084909625893
12420,Austin,26,7500,1.0783302176309262,0.036697918380028144
12420,Austin,26,8000,1.0925397712576432,0.03686240108193067
12420,Austin,26,8500,1.0882217272167156,0.03733300436792953
12420,Austin,26,9000,1.0807571770962914,0.03308843686605625
12420,Austin,26,4500,0.9818978791414454,0.05646325639198056
41700,SanAntonio,27,8000,0.9999291674196384,0.04311003797760171
41700,SanAntonio,27,0,1.102991814822467,0.021961488527852263
41700,SanAntonio,27,7500,1.016667706937486,0.04685521999911022
41700,SanAntonio,27,500,1.1248114365316026,0.04482489454036586
41700,SanAntonio,27,1000,1.0818544049770524,0.047732870645619235
41700,SanAntonio,27,1500,1.0724186648835847,0.055178745485356985
41700,SanAntonio,27,2000,1.0407484458114542,0.059174684834439495
41700,SanAntonio,27,4000,1.1415964613142697,0.05453971874734582
41700,SanAntonio,27,3000,1.1310653156156298,0.0547014976683613
41700,SanAntonio,27,3500,1.1557060145160523,0.05345984444956745
41700,SanAntonio,27,4500,1.106943911603757,0.056076618496992935
41700,SanAntonio,27,5000,1.0619655450527519,0.05380766912975074
41700,SanAntonio,27,5500,1.0382929198606974,0.04667321871296779
41700,SanAntonio,27,6000,1.0250547941458268,0.05079453672583731
41700,SanAntonio,27,8500,1.0121857237413434,0.04066313179724248
41700,SanAntonio,27,2500,1.074468474691475,0.05885112699240852
41700,SanAntonio,27,9000,1.004429769634969,0.040800643880105646
41700,SanAntonio,27,7000,1.0212195653056484,0.045516499427707066
41700,SanAntonio,27,10000,1.0040465097941598,0.0373183526052473
41700,SanAntonio,27,6500,1.0388443135118084,0.048715677590788306
41700,SanAntonio,27,9500,1.0089905036329312,0.039243521765331586
16980,Chicago,28,2500,1.0909779584031114,0.06094173732952991
16980,Chicago,28,3000,1.061601734981738,0.06122621234027587
16980,Chicago,28,3500,1.042662922717017,0.05993513344535188
16980,Chicago,28,4000,1.0040234034063347,0.060833886913367975
16980,Chicago,28,4500,1.0013410885262262,0.056107225196358086
16980,Chicago,28,5000,1.0110624333845435,0.052685709819858546
16980,Chicago,28,5500,1.0288617098107662,0.050475557813293735
16980,Chicago,28,6000,1.0462390739602005,0.04708686647649564
16980,Chicago,28,7500,1.042038406180753,0.03775233480520495
16980,Chicago,28,8000,1.0178361488886027,0.03492634129186042
16980,Chicago,28,8500,1.017370564659871,0.032475479660818256
16980,Chicago,28,9000,1.0360239201226003,0.03294439451369622
16980,Chicago,28,9500,1.052817637139853,0.02871790863975616
16980,Chicago,28,10000,1.0482480186160648,0.02786135750849908
16980,Chicago,28,6500,1.0601813757586231,0.043684107694111206
16980,Chicago,28,7000,1.053090079260287,0.04140987065765308
16980,Chicago,28,1000,1.118706270740288,0.058264233519596725
16980,Chicago,28,500,1.1562003877580243,0.05613223398851159
16980,Chicago,28,2000,1.068604196551351,0.061959282560275095
16980,Chicago,28,1500,1.0989592060340014,0.061957719510765494
16980,Chicago,28,0,1.1561084264048087,0.032622406314720014
40900,Sacramento,29,7500,0.9769428942418057,0.03517265290922399
40900,Sacramento,29,10000,1.0294672967130185,0.024745418822955327
40900,Sacramento,29,9500,1.0292235008618225,0.02817407830698702
40900,Sacramento,29,0,1.151094393185136,0.0372144388940968
40900,Sacramento,29,500,1.1418553308690815,0.06705790196858989
40900,Sacramento,29,1000,1.0378101311325068,0.06450245913217675
40900,Sacramento,29,1500,1.090675677278338,0.06103527538427953
40900,Sacramento,29,2000,1.0703794346550768,0.07268244449295648
40900,Sacramento,29,2500,1.113905211222839,0.06717347476018647
40900,Sacramento,29,3000,1.083450400188209,0.057157166155150055
40900,Sacramento,29,4000,1.08435019952852,0.0497219832291038
40900,Sacramento,29,4500,1.079544644918267,0.05298370423638488
40900,Sacramento,29,5000,1.0477517773732072,0.05401101793946554
40900,Sacramento,29,5500,1.0375270280293971,0.04696107765207453
40900,Sacramento,29,6000,1.0103768982802432,0.045355899991011
40900,Sacramento,29,6500,1.0054355991220996,0.04308296842294505
40900,Sacramento,29,7000,0.9817300511667439,0.04202997187728738
40900,Sacramento,29,8000,0.9555809595577691,0.03309234266048566
40900,Sacramento,29,3500,1.0928002879581509,0.0655040899926804
40900,Sacramento,29,9000,0.9978222794086307,0.024206079128837984
40900,Sacramento,29,8500,0.9704636179152546,0.028135554043121496
25540,Hartford,30,2000,1.1246315155893412,0.07181014368168978
25540,Hartford,30,1000,1.1177312292150943,0.06376642515043596
25540,Hartford,30,10000,1.0142016738759305,0.02441770027426419
25540,Hartford,30,9500,0.9971987283522594,0.02768226288427688
25540,Hartford,30,9000,1.0319795121082433,0.029862049203815133
25540,Hartford,30,8500,1.0162884043707847,0.03190879692169143
25540,Hartford,30,8000,1.039437631020744,0.03476400998812886
25540,Hartford,30,7500,1.0207587627413193,0.03553154038233247
25540,Hartford,30,0,1.033398380954131,0.029780179295100087
25540,Hartford,30,500,1.082810971436402,0.04804740267714601
25540,Hartford,30,6000,1.0649152625219833,0.045202423349297964
25540,Hartford,30,5500,1.058933947983729,0.048108805108682304
25540,Hartford,30,5000,1.0450205308651284,0.052724221212493344
25540,Hartford,30,4500,1.043066536213798,0.057912726677309755
25540,Hartford,30,4000,1.0321634290443142,0.06448278685169266
25540,Hartford,30,3500,1.0560638474245287,0.06356175037864832
25540,Hartford,30,3000,1.0594580321936218,0.06490237013385729
25540,Hartford,30,2500,1.0866493157480002,0.07029555037046134
25540,Hartford,30,6500,1.0364913032598886,0.03232838020385607
25540,Hartford,30,7000,1.0468758519266514,0.03230791272667731
25540,Hartford,30,1500,1.1496272551030293,0.07060256252814277
47260,VirginiaBeach,31,8000,1.0156834859277617,0.04656362823267634
47260,VirginiaBeach,31,9000,0.9971984895772179,0.044785724414000715
47260,VirginiaBeach,31,8500,1.0110895449268467,0.04246790501848802
47260,VirginiaBeach,31,7500,1.0190837725717095,0.04875055900350127
47260,VirginiaBeach,31,7000,1.0345939739541368,0.04881600331584516
47260,VirginiaBeach,31,6500,1.0714054468241532,0.04751257076166272
47260,VirginiaBeach,31,6000,1.0742824614154955,0.05112291532596721
47260,VirginiaBeach,31,5500,1.0871804766315072,0.05287900437386154
47260,VirginiaBeach,31,5000,1.046257882958159,0.05853448369891253
47260,VirginiaBeach,31,4500,1.0419941751429547,0.05690928327570598
47260,VirginiaBeach,31,10000,0.9767143887172249,0.036272510116599946
47260,VirginiaBeach,31,4000,1.0139982686711895,0.05452056587515407
47260,VirginiaBeach,31,3000,1.0072979031506488,0.050075806328465006
47260,VirginiaBeach,31,2500,1.0199314492323013,0.05403518722527023
47260,VirginiaBeach,31,2000,1.0487461889174434,0.05272630097839247
47260,VirginiaBeach,31,1500,1.0804805755976437,0.04897961409670488
47260,VirginiaBeach,31,0,1.2214163069952557,0.02550146704333504
47260,VirginiaBeach,31,500,1.1783139420255893,0.040831797209890816
47260,VirginiaBeach,31,1000,1.0900085266414608,0.04971586261057362
47260,VirginiaBeach,31,3500,1.0210590156686437,0.0503484909632312
47260,VirginiaBeach,31,9500,0.9935253727046711,0.038650320131761215
28140,KansasCity,32,9500,1.029121789487385,0.03433782712133228
28140,KansasCity,32,10000,1.0136736527059045,0.036571504097277295
28140,KansasCity,32,9000,1.0279296869657408,0.04158736452550886
28140,KansasCity,32,8500,1.030014058764731,0.0425786412899815
28140,KansasCity,32,0,0.9178329912804117,0.02879989426381179
28140,KansasCity,32,500,0.9418912704390343,0.04871134020618557
28140,KansasCity,32,1000,1.0240670924793618,0.052200634417129264
28140,KansasCity,32,1500,1.0641902370285974,0.056212001057361884
28140,KansasCity,32,2000,1.0806256533796326,0.053747026169706585
28140,KansasCity,32,2500,1.090302717889814,0.05874966957441184
28140,KansasCity,32,3500,1.1120984286774152,0.04933254031192175
28140,KansasCity,32,4000,1.1088020211269234,0.055253766851705
28140,KansasCity,32,4500,1.1084818553993772,0.05298043880518108
28140,KansasCity,32,3000,1.09496259849282,0.05004625958234206
28140,KansasCity,32,5500,1.0627309222998307,0.049061591329632566
28140,KansasCity,32,6000,1.0390825967545276,0.04746233148295004
28140,KansasCity,32,6500,1.0536551441056232,0.044395982024848006
28140,KansasCity,32,7000,1.048350141841363,0.04734998678297648
28140,KansasCity,32,7500,1.0473872220740843,0.047297118688871265
28140,KansasCity,32,8000,1.0277505899951576,0.04731694422416072
28140,KansasCity,32,5000,1.084349891395558,0.056007137192704205
12580,Baltimore,33,9000,1.0489907164872505,0.040661260137242666
12580,Baltimore,33,9500,1.0320885014183603,0.0358109794135995
12580,Baltimore,33,6500,0.9949631973739748,0.049266999376169684
12580,Baltimore,33,10000,1.0309175508422743,0.03453524641297567
12580,Baltimore,33,8500,1.0453674491430944,0.04169369931378666
12580,Baltimore,33,8000,1.0421000806205376,0.045630068621335
12580,Baltimore,33,7500,1.0160642190436513,0.04146912039925141
12580,Baltimore,33,7000,1.0052634112643566,0.04767935121646913
12580,Baltimore,33,6000,1.0013705965499784,0.053153462258265755
12580,Baltimore,33,500,1.1287547634823774,0.04333125389893949
12580,Baltimore,33,5000,1.0305133861850548,0.05606674984404242
12580,Baltimore,33,4500,1.0299759588275996,0.05559263880224579
12580,Baltimore,33,4000,1.0234238753818816,0.05127261384903306
12580,Baltimore,33,3500,1.033361962415673,0.054915782907049286
12580,Baltimore,33,3000,1.0557113568074838,0.05588895820336869
12580,Baltimore,33,2500,1.0509722603486102,0.058125389893948845
12580,Baltimore,33,1000,1.1770227524087515,0.04679663131628198
12580,Baltimore,33,1500,1.1252305316162068,0.053633811603243924
12580,Baltimore,33,0,1.1331715072628086,0.026004366812227075
12580,Baltimore,33,5500,1.0184106934830124,0.05358078602620088
12580,Baltimore,33,2000,1.1158049557006766,0.05489082969432314
34980,Nashville,34,4000,1.060909334132609,0.05190445840541443
34980,Nashville,34,500,1.0885740042861332,0.04587089137758354
34980,Nashville,34,10000,1.012094119484353,0.03868402682934232
34980,Nashville,34,9500,1.021139156692357,0.03899359616376825
34980,Nashville,34,9000,1.0443675679715028,0.04182828006919785
34980,Nashville,34,8500,1.0206395861757824,0.042125709429724725
34980,Nashville,34,8000,1.0486301990365903,0.04270235818992989
34980,Nashville,34,7500,1.0165705005120347,0.04837779598773862
34980,Nashville,34,7000,1.0386469790597894,0.05041124161583053
34980,Nashville,34,6500,1.0084706637108387,0.053604054751282285
34980,Nashville,34,0,1.0489324906009982,0.033749127439376005
34980,Nashville,34,6000,1.0362458447813663,0.04728519833682357
34980,Nashville,34,5000,1.053007033825018,0.053446235090594554
34980,Nashville,34,4500,1.0444185113359783,0.05385899420316246
34980,Nashville,34,3500,1.059977431429385,0.05424140338098273
34980,Nashville,34,3000,1.0810378983994673,0.058508604206500954
34980,Nashville,34,2500,1.0611742524678152,0.05090898054569183
34980,Nashville,34,2000,1.0606352757442479,0.04845063583113296
34980,Nashville,34,1500,1.0726718263721027,0.04577984157334061
34980,Nashville,34,1000,1.0590071406341008,0.04645968011168776
34980,Nashville,34,5500,1.0319244257350788,0.05280888646089411
35380,NewOrleans,35,9500,0.9881851178439693,0.03616245356528042
35380,NewOrleans,35,10000,0.9659099014668944,0.034305064782096585
35380,NewOrleans,35,500,1.1850884349449264,0.0473747395125487
35380,NewOrleans,35,1000,1.1567510736441822,0.06016127570897889
35380,NewOrleans,35,1500,1.1135278143819032,0.05208616471867355
35380,NewOrleans,35,2000,1.0629505825887176,0.0545777838180665
35380,NewOrleans,35,2500,1.0160968402819068,0.0592665579414696
35380,NewOrleans,35,3500,1.0534105294199099,0.05720530941378998
35380,NewOrleans,35,4000,1.0750042102436697,0.05021745039412884
35380,NewOrleans,35,4500,1.0150313046267212,0.05025142701821147
35380,NewOrleans,35,5000,0.9893523768521311,0.052335326628612844
35380,NewOrleans,35,3000,1.0551163099057619,0.05691084533840717
35380,NewOrleans,35,6000,0.9739979806866885,0.04986635861194165
35380,NewOrleans,35,5500,0.9367019706537367,0.06021790341578327
35380,NewOrleans,35,9000,0.9918280579975485,0.032345746126664854
35380,NewOrleans,35,8500,0.9841281232279107,0.03997916100389599
35380,NewOrleans,35,8000,0.9750873338787129,0.03815574884479478
35380,NewOrleans,35,0,1.173245034245676,0.042618012140980335
35380,NewOrleans,35,7000,1.0328995735280053,0.038450212920177584
35380,NewOrleans,35,6500,1.0061289327006748,0.04661592824136994
35380,NewOrleans,35,7500,1.0136161990317807,0.04089652985412703
37980,Philadelphia,36,5500,1.0669204369812302,0.04592533199035174
37980,Philadelphia,36,8500,1.0273087697734096,0.03409196331539746
37980,Philadelphia,36,8000,1.0280131581466592,0.03390641980544438
37980,Philadelphia,36,7500,1.0366078552696556,0.036613367084581336
37980,Philadelphia,36,7000,1.0428379805522519,0.0404269488695099
37980,Philadelphia,36,6500,1.0551682388438954,0.04141099212765394
37980,Philadelphia,36,6000,1.0686092238022837,0.04340558485964959
37980,Philadelphia,36,9000,1.0156536710230504,0.03166995785511703
37980,Philadelphia,36,5000,1.0548740241176264,0.047644922734381215
37980,Philadelphia,36,4000,1.0391500699280374,0.05668022901370372
37980,Philadelphia,36,3500,1.0449284834814503,0.056701765313966125
37980,Philadelphia,36,3000,1.0307070737453192,0.060407665597582635
37980,Philadelphia,36,2500,1.0378122067183893,0.06423284385188327
37980,Philadelphia,36,2000,1.037366587617814,0.0669861770085085
37980,Philadelphia,36,1500,1.0836315736836581,0.06222831128899728
37980,Philadelphia,36,1000,1.1108672247495632,0.06380211784663505
37980,Philadelphia,36,9500,1.0165057533846806,0.031527486945688764
37980,Philadelphia,36,4500,1.0414818165749484,0.04952355077265619
37980,Philadelphia,36,10000,1.0077408337350504,0.03198471916664458
37980,Philadelphia,36,0,1.1238981187281214,0.039048625652715566
37980,Philadelphia,36,500,1.1263513054788816,0.061781018898931804
15380,Buffalo,37,9500,1.0372386519943966,0.02668951151650174
15380,Buffalo,37,500,1.1860429150536536,0.056940621706270504
15380,Buffalo,37,1000,1.197587425725623,0.06926385302036554
15380,Buffalo,37,1500,1.1110391254753582,0.0654524928693098
15380,Buffalo,37,2000,1.0485375463317175,0.05961806474816549
15380,Buffalo,37,2500,1.0305192674925405,0.055077401081966716
15380,Buffalo,37,3000,1.0087744191794603,0.0609368053508899
15380,Buffalo,37,3500,1.0036499219113526,0.0574251589731806
15380,Buffalo,37,4000,0.9984999971304345,0.05906359426747456
15380,Buffalo,37,4500,0.9933592212808153,0.05678576959004151
15380,Buffalo,37,5000,1.0056998962423944,0.0542282120574851
15380,Buffalo,37,5500,0.9900783692811452,0.05144087396536307
15380,Buffalo,37,6500,1.006761868940316,0.04949273443861112
15380,Buffalo,37,7000,1.0197521578562687,0.0431188215254432
15380,Buffalo,37,7500,1.003299541803407,0.03932244706305478
15380,Buffalo,37,8000,1.036755926766494,0.03346803802368738
15380,Buffalo,37,8500,1.0641429465827963,0.028822474536817334
15380,Buffalo,37,9000,1.072157245018525,0.025021104844873146
15380,Buffalo,37,0,1.196539155371198,0.03014121513954173
15380,Buffalo,37,10000,0.9931368092155268,0.025745413130460408
15380,Buffalo,37,6000,1.0072931556078473,0.051945392150496275
41740,SanDiego,38,8000,0.9802900867231021,0.041733345320507056
41740,SanDiego,38,9500,0.9990317743830635,0.0348287332554167
41740,SanDiego,38,8500,0.9654027394924127,0.037417962779825585
41740,SanDiego,38,7500,1.0165365624659948,0.04621055470646408
41740,SanDiego,38,7000,1.027191084414969,0.04229074889867841
41740,SanDiego,38,6500,1.0496644642741162,0.04896161107614852
41740,SanDiego,38,6000,1.0419599735673528,0.055470646408343066
41740,SanDiego,38,5500,1.0602017142320381,0.048431178638856424
41740,SanDiego,38,5000,1.060533859685153,0.05390632023734604
41740,SanDiego,38,4500,1.0839517421151805,0.053474781983277896
41740,SanDiego,38,4000,1.0853530054496943,0.05258473433426234
41740,SanDiego,38,10000,1.027074769804099,0.03582666546794929
41740,SanDiego,38,3000,1.1021069461767772,0.059354490694956394
41740,SanDiego,38,3500,1.0785603344881822,0.05048997572597321
41740,SanDiego,38,0,1.0339743165832993,0.031484311786388566
41740,SanDiego,38,500,1.0125346970505704,0.04293805627978063
41740,SanDiego,38,9000,0.9635186354113965,0.04060055740357817
41740,SanDiego,38,1500,1.0617575562144415,0.05815877011597591
41740,SanDiego,38,2000,1.1281670207515369,0.057871077946597134
41740,SanDiego,38,2500,1.1054471173537403,0.056540501663220354
41740,SanDiego,38,1000,1.0455983307216923,0.05142497527645419
47900,Washington,39,9000,1.006641016223045,0.03518744579670115
47900,Washington,39,6000,1.0003828845949887,0.05065413876866545
47900,Washington,39,8500,1.0150420203664428,0.03550598651031456
47900,Washington,39,8000,1.0086472370211161,0.039186673078582965
47900,Washington,39,7500,1.0025193659290992,0.038956501724230055
47900,Washington,39,7000,0.9947526303201801,0.04440868568046462
47900,Washington,39,6500,1.0034985582316114,0.04773383971031291
47900,Washington,39,5500,1.008543927884863,0.05107337944980826
47900,Washington,39,3000,1.0681556335228533,0.055954245222916844
47900,Washington,39,4500,1.0582498213410148,0.05381693978963982
47900,Washington,39,4000,1.0782554008988527,0.05575284528785805
47900,Washington,39,3500,1.087211922229352,0.056052890089068094
47900,Washington,39,2500,1.0852105538331087,0.05811415677135353
47900,Washington,39,2000,1.090296142580471,0.05923418702244582
47900,Washington,39,1500,1.1091171534860735,0.05926706864449623
47900,Washington,39,1000,1.1060881053611138,0.05499451287932034
47900,Washington,39,0,1.112898429044669,0.03158896328355878
47900,Washington,39,5000,1.0168619047527527,0.0559604105270513
47900,Washington,39,500,1.1088099388517094,0.05016913484342182
47900,Washington,39,10000,1.0082068238852393,0.03305219546480228
47900,Washington,39,9500,1.0248626293616827,0.03333579945498711
14460,Boston,40,500,1.03535804119423,0.0652073965033978
14460,Boston,40,2000,1.0996086249711883,0.07016999052247384
14460,Boston,40,2500,1.0827377240943006,0.06706458833256035
14460,Boston,40,3000,1.080560000263331,0.06810106672581719
14460,Boston,40,3500,1.0844637844175293,0.06162206852049767
14460,Boston,40,4000,1.0724353019440547,0.05618963118307757
14460,Boston,40,4500,1.0665017177680867,0.0548305136012583
14460,Boston,40,5000,1.0371872477697421,0.05496965175132584
14460,Boston,40,5500,1.0272125953313649,0.048252707144441534
14460,Boston,40,6000,1.015640519521092,0.04338287189207719
14460,Boston,40,6500,1.0148152419118266,0.03778306547559033
14460,Boston,40,7000,1.0349004914936646,0.03544594785344115
14460,Boston,40,7500,1.0243871472313282,0.030866487870783006
14460,Boston,40,8000,1.0229197378008845,0.031314149744913394
14460,Boston,40,8500,1.005069673456205,0.02764614546994414
14460,Boston,40,9000,1.0305018489111968,0.0251819886672985
14460,Boston,40,9500,1.0194629602390568,0.023766409227480793
14460,Boston,40,10000,1.0206340938404534,0.023042487548143815
14460,Boston,40,0,1.0109433540396233,0.04070295013208042
14460,Boston,40,1500,1.0926283399795818,0.06779052650682584
14460,Boston,40,1000,1.0886377158308747,0.06666935532657135
26900,Indianapolis,41,500,1.1621031169223597,0.041288080521171236
26900,Indianapolis,41,10000,0.9982717631548854,0.0441177261699186
26900,Indianapolis,41,1000,1.1327695710621162,0.04114821210507346
26900,Indianapolis,41,1500,1.0111472325909576,0.046893576274012985
26900,Indianapolis,41,2000,0.9901893415660079,0.05444109118882774
26900,Indianapolis,41,2500,0.9641412038102093,0.05305854569124585
26900,Indianapolis,41,3000,0.9893458312699042,0.049873849447788735
26900,Indianapolis,41,3500,0.9950153378028168,0.04950803974414839
26900,Indianapolis,41,4000,1.0247564761520258,0.0540268654949997
26900,Indianapolis,41,4500,1.0363887180739304,0.05478000312014159
26900,Indianapolis,41,0,1.2443865016794502,0.029872665945806367
26900,Indianapolis,41,5000,1.0707579376663807,0.05161682509454567
26900,Indianapolis,41,6000,1.0526501512790554,0.051245635836440026
26900,Indianapolis,41,6500,1.0207516739090305,0.053467391830608585
26900,Indianapolis,41,7000,0.9850941568844456,0.05001371786388651
26900,Indianapolis,41,7500,0.9559530708440405,0.04899698206994497
26900,Indianapolis,41,8000,0.9978010720653687,0.0454787534496393
26900,Indianapolis,41,8500,1.003480052827809,0.04742077261161231
26900,Indianapolis,41,9000,1.0162472437970727,0.04315478592063005
26900,Indianapolis,41,9500,0.9860129114045608,0.03906094497253738
26900,Indianapolis,41,5500,1.0615381767201162,0.050535534647020534
40140,Riverside,42,10000,1.037556875419,0.023577032932998378
40140,Riverside,42,9500,0.9961675413141378,0.031031694139509274
40140,Riverside,42,2500,1.0502664636442884,0.06611979077050138
40140,Riverside,42,7500,0.980265590761928,0.03707113114697684
40140,Riverside,42,7000,0.9885786986390239,0.03955745208025052
40140,Riverside,42,6500,1.0136843579419212,0.04509790426373929
40140,Riverside,42,6000,1.0295111709863627,0.042521249870952196
40140,Riverside,42,5500,1.0192861191083724,0.047661653876595884
40140,Riverside,42,5000,1.0229078364999364,0.05404521834887642
40140,Riverside,42,8000,1.0245450515155758,0.0357935579338587
40140,Riverside,42,4500,1.0413320503748662,0.054570012732716194
40140,Riverside,42,3500,1.0615546398803857,0.061172958463814986
40140,Riverside,42,3000,1.0590718939307766,0.06387005746928662
40140,Riverside,42,2000,1.060806562531972,0.06565952028631405
40140,Riverside,42,1500,1.0683064843406818,0.06513902749578444
40140,Riverside,42,1000,1.042833562320977,0.06371520011012079
40140,Riverside,42,500,1.0964415190459909,0.051928834440276676
40140,Riverside,42,4000,1.069299747678773,0.061022402697959326
40140,Riverside,42,0,1.1083705057562194,0.026867751815272376
40140,Riverside,42,8500,1.0226371912926393,0.03328142744072404
40140,Riverside,42,9000,1.020223518149914,0.030296121683471552
31140,Louisville,43,2500,1.0145854877758789,0.05287000434156708
31140,Louisville,43,10000,1.0306171830556985,0.044318259717112625
31140,Louisville,43,9500,1.0403726363357009,0.04285012453442406
31140,Louisville,43,9000,1.0284192553488707,0.05031647738957567
31140,Louisville,43,8500,1.0258579112941268,0.04321573018303133
31140,Louisville,43,1500,1.0526138857654745,0.047985741379704315
31140,Louisville,43,8000,1.011087937080401,0.0450323332495487
31140,Louisville,43,7500,1.0186265371104624,0.04807714279185613
31140,Louisville,43,7000,1.0561104843906928,0.05031647738957567
31140,Louisville,43,6000,1.0841360848516757,0.05164751045403651
31140,Louisville,43,5500,1.0436458026899074,0.052081667161757654
31140,Louisville,43,5000,1.0417895620896886,0.04898544432511482
31140,Louisville,43,4500,0.9971477790580194,0.05473230811416036
31140,Louisville,43,4000,1.0104338842189633,0.05321847222539588
31140,Louisville,43,3500,1.0080380685407493,0.057942782715992965
31140,Louisville,43,3000,1.025696440611259,0.05718300847748098
31140,Louisville,43,6500,1.0549749481514288,0.04985375774055709
31140,Louisville,43,1000,1.1351475430131381,0.04061650252496401
31140,Louisville,43,2000,1.0259455405180233,0.04928249891460823
31140,Louisville,43,0,1.1066735700703416,0.02214199209377785
31140,Louisville,43,500,1.1099543894587947,0.03733176427575806
33460,Minneapolis,44,0,1.0097661946596683,0.03762000696016424
33460,Minneapolis,44,1500,1.0938622482511327,0.04855832011008554
33460,Minneapolis,44,10000,1.023493195252241,0.03542659740558282
33460,Minneapolis,44,9500,1.0023186233227825,0.03884282480500366
33460,Minneapolis,44,9000,0.9959346393607165,0.039580346794972084
33460,Minneapolis,44,8500,1.0055602548561808,0.041090510869669326
33460,Minneapolis,44,8000,1.0280130170256359,0.04819754095481959
33460,Minneapolis,44,7500,1.0372596435389665,0.04531450044857939
33460,Minneapolis,44,7000,1.04693919878347,0.0485455491665363
33460,Minneapolis,44,6500,1.0269175068489564,0.04643834348091223
33460,Minneapolis,44,5500,0.9993981503283638,0.05520559622746328
33460,Minneapolis,44,5000,1.0234347732784994,0.053973200174961926
33460,Minneapolis,44,4500,1.0522083503662285,0.05077088607999081
33460,Minneapolis,44,4000,1.0654774480963047,0.05350706073541479
33460,Minneapolis,44,3500,1.0507951909573927,0.05688816804007522
33460,Minneapolis,44,3000,1.0525641793410725,0.05693925181427217
33460,Minneapolis,44,2500,1.0644872919513613,0.05484162433631003
33460,Minneapolis,44,2000,1.1069251953781476,0.04937566049723669
33460,Minneapolis,44,500,1.0175375353145177,0.04182803285963775
33460,Minneapolis,44,6000,1.0117355860514368,0.05067191126748422
33460,Minneapolis,44,1000,1.0458882924951995,0.046384066970827975
39580,Raleigh,45,8000,0.9946180498590897,0.053334396300872965
39580,Raleigh,45,10000,0.97270073665165,0.04647825567026747
39580,Raleigh,45,7500,1.046097686619776,0.052606927890939535
39580,Raleigh,45,7000,1.05133724431399,0.051799736915533946
39580,Raleigh,45,6500,1.0415639012254407,0.04591023239127835
39580,Raleigh,45,6000,0.9839974450440687,0.047016382987204536
39580,Raleigh,45,5500,0.9558267743644282,0.04929844142384503
39580,Raleigh,45,5000,0.9660903090394548,0.05425120580380277
39580,Raleigh,45,4500,1.0103472794239734,0.05373300912823375
39580,Raleigh,45,4000,1.059600428651569,0.054530234782955316
39580,Raleigh,45,3500,1.0752210007544212,0.0539622115039662
39580,Raleigh,45,3000,1.065747856847057,0.04520269462271296
39580,Raleigh,45,2500,0.9896577839107574,0.049796707458046
39580,Raleigh,45,2000,1.0292149786974423,0.041674971100570016
39580,Raleigh,45,1500,1.057338057094287,0.03498824092159286
39580,Raleigh,45,1000,1.0994176321535325,0.037788496033802375
39580,Raleigh,45,500,0.9393319551270025,0.0374496751305457
39580,Raleigh,45,0,0.8456590377195505,0.04020010363933512
39580,Raleigh,45,9500,1.0095628121559115,0.05481922908279188
39580,Raleigh,45,9000,0.9873507004008846,0.04524255590544904
39580,Raleigh,45,8500,0.996376750371371,0.04991629130625424
41860,SanFrancisco,46,10000,0.9946593352349571,0.013417658932292305
41860,SanFrancisco,46,8000,1.0280841346024556,0.021738835143997375
41860,SanFrancisco,46,9000,0.9927758633149262,0.014938997057840735
41860,SanFrancisco,46,8500,1.0242158652566855,0.01833484108808276
41860,SanFrancisco,46,7500,1.0477089662983397,0.02104064961137961
41860,SanFrancisco,46,7000,1.0309408176796935,0.024186559520995826
41860,SanFrancisco,46,6500,1.0435893298616234,0.026066498776137814
41860,SanFrancisco,46,6000,1.058245257540074,0.026107248904500717
41860,SanFrancisco,46,5500,1.047224095937127,0.03327655482114769
41860,SanFrancisco,46,5000,1.0310691711788615,0.03856592148265267
41860,SanFrancisco,46,9500,1.0031388808311166,0.013213908290477784
41860,SanFrancisco,46,4500,1.0008935108696508,0.04889200400981263
41860,SanFrancisco,46,3500,1.0332376575314473,0.0726357454692649
41860,SanFrancisco,46,3000,1.040589311337585,0.08412456499237973
41860,SanFrancisco,46,2500,1.033004906189738,0.08655055596758465
41860,SanFrancisco,46,2000,1.0283889827725876,0.0953851837966623
41860,SanFrancisco,46,1500,1.0442992643542002,0.08934329809805568
41860,SanFrancisco,46,1000,1.0511785475952355,0.08605068772633301
41860,SanFrancisco,46,500,1.0825355189243349,0.07736004368413761
41860,SanFrancisco,46,0,1.0859287996374207,0.04619162883696418
41860,SanFrancisco,46,4000,1.0178625732180426,0.0625786137893001
39300,Providence,47,1000,1.1101509310846276,0.06853298214960948
39300,Providence,47,0,1.143763794230694,0.04489979528770553
39300,Providence,47,500,1.120461510164395,0.0594252408955185
39300,Providence,47,2500,1.0597004444329483,0.06336953828902246
39300,Providence,47,1500,1.090581937916358,0.0739637255029794
39300,Providence,47,3500,1.0353753217411137,0.05606117898634817
39300,Providence,47,4000,0.9826717939098271,0.05426831653475546
39300,Providence,47,4500,0.9277483289961115,0.04909835317434447
39300,Providence,47,5000,0.9439883135870608,0.05431395303352327
39300,Providence,47,5500,0.948737005495754,0.048922326679097176
39300,Providence,47,6000,0.9885229172581722,0.04518013378013639
39300,Providence,47,6500,0.9680595311329157,0.03656787451266739
39300,Providence,47,7000,0.9491262576791031,0.03795000847534977
39300,Providence,47,7500,0.937142855716822,0.036052834026573485
39300,Providence,47,8000,0.9672407486641013,0.03351022909522381
39300,Providence,47,8500,1.0006123288275395,0.03161305464644752
39300,Providence,47,9000,0.9792267927066436,0.028020810243438124
39300,Providence,47,9500,0.9753029112928657,0.02423950034553349
39300,Providence,47,10000,0.9801534699553742,0.02291604188126687
39300,Providence,47,2000,1.0581228255242245,0.0721708630513867
39300,Providence,47,3000,1.0480026024145643,0.058923239409072535
38900,Portland,48,9500,1.0255382637339057,0.03690407811602527
38900,Portland,48,10000,1.0147761778617053,0.03234092794690153
38900,Portland,48,2000,0.9930712039027196,0.05750207415916778
38900,Portland,48,0,1.084030834741641,0.027817665454081306
38900,Portland,48,2500,1.0394823500758668,0.05435892526644968
38900,Portland,48,3000,1.0656424454625475,0.06041387452932542
38900,Portland,48,3500,1.0410085203890707,0.06012668325994
38900,Portland,48,4000,1.0350634693084022,0.05654476992788308
38900,Portland,48,4500,1.0049381483864281,0.05478173463526709
38900,Portland,48,5000,1.0194368042490436,0.054342970195928264
38900,Portland,48,1000,0.8938425741515181,0.05639319675792967
38900,Portland,48,6000,1.0128075627252306,0.05066532644074287
38900,Portland,48,6500,0.9812633780849489,0.04733869423702853
38900,Portland,48,7000,0.9852182019380349,0.041594868849320316
38900,Portland,48,7500,0.9829280447273754,0.0430707128725509
38900,Portland,48,8000,1.0095342435366972,0.040916778352160316
38900,Portland,48,8500,1.015627577892557,0.03157508456187376
38900,Portland,48,9000,1.0227356318578273,0.0362578977599081
38900,Portland,48,500,1.0085878052800032,0.0485273469908737
38900,Portland,48,1500,0.9349726763999153,0.05782915310485672
38900,Portland,48,5500,1.0206399943846969,0.05069723658178569
35620,NewYork,49,9000,1.013998861670347,0.024648779467980678
35620,NewYork,49,0,1.0141036714621656,0.04649111755071186
35620,NewYork,49,8500,1.004587889428949,0.02600700295043246
35620,NewYork,49,8000,1.001347032393003,0.029102811010332744
35620,NewYork,49,7500,0.9990034511066859,0.031648960841350916
35620,NewYork,49,7000,1.0057704946670882,0.035279197305151694
35620,NewYork,49,6500,1.0018821596115204,0.04053210239426694
35620,NewYork,49,6000,1.0029420555702424,0.0436556010450429
35620,NewYork,49,5500,1.002437465744301,0.04659080367786428
35620,NewYork,49,5000,1.0132070314757462,0.050711163600164484
35620,NewYork,49,4500,1.0142130341404236,0.05601668081194351
35620,NewYork,49,4000,1.021990745567439,0.059021109921954064
35620,NewYork,49,3500,1.0149966226347091,0.06490674501257845
35620,NewYork,49,3000,1.0313559750652164,0.06735874683461934
35620,NewYork,49,2500,1.0366653540915856,0.06318300573056779
35620,NewYork,49,2000,1.0603546228751064,0.06329792168270183
35620,NewYork,49,1500,1.0721561512680629,0.06340314592802938
35620,NewYork,49,1000,1.0633454870869072,0.07213260470158542
35620,NewYork,49,500,1.0406763292470596,0.07278194905761998
35620,NewYork,49,10000,0.9876800499051397,0.02092577952474639
35620,NewYork,49,9500,0.997845557910606,0.022304770950354925
